query,response_size_chars,system_type
allComments,2556,GraphQL JavaScript
allComments,2977,GraphQL JavaScript
allComments,4234,GraphQL JavaScript
allComments,2575,GraphQL JavaScript
allComments,2916,GraphQL JavaScript
allComments,2896,GraphQL JavaScript
allComments,3307,GraphQL JavaScript
allComments,3513,GraphQL JavaScript
allComments,4780,GraphQL JavaScript
allComments,3226,GraphQL JavaScript
allComments,2536,GraphQL JavaScript
allComments,2376,GraphQL JavaScript
allComments,2942,GraphQL JavaScript
allComments,2080,GraphQL JavaScript
allComments,4350,GraphQL JavaScript
commentById,237,GraphQL JavaScript
commentById,245,GraphQL JavaScript
commentById,250,GraphQL JavaScript
commentById,443,GraphQL JavaScript
commentById,485,GraphQL JavaScript
commentById,362,GraphQL JavaScript
commentById,417,GraphQL JavaScript
commentById,479,GraphQL JavaScript
commentById,265,GraphQL JavaScript
commentById,398,GraphQL JavaScript
commentById,233,GraphQL JavaScript
commentById,255,GraphQL JavaScript
commentById,388,GraphQL JavaScript
commentById,399,GraphQL JavaScript
commentById,370,GraphQL JavaScript
commentsByUserId,1306,GraphQL JavaScript
commentsByUserId,1210,GraphQL JavaScript
commentsByUserId,520,GraphQL JavaScript
commentsByUserId,1024,GraphQL JavaScript
commentsByUserId,1056,GraphQL JavaScript
commentsByUserId,1371,GraphQL JavaScript
commentsByUserId,632,GraphQL JavaScript
commentsByUserId,813,GraphQL JavaScript
commentsByUserId,735,GraphQL JavaScript
commentsByUserId,1158,GraphQL JavaScript
commentsByUserId,1252,GraphQL JavaScript
commentsByUserId,1062,GraphQL JavaScript
commentsByUserId,940,GraphQL JavaScript
commentsByUserId,1294,GraphQL JavaScript
commentsByUserId,1350,GraphQL JavaScript
commentsByMinScore,710,GraphQL JavaScript
commentsByMinScore,1123,GraphQL JavaScript
commentsByMinScore,800,GraphQL JavaScript
commentsByMinScore,897,GraphQL JavaScript
commentsByMinScore,689,GraphQL JavaScript
commentsByMinScore,1284,GraphQL JavaScript
commentsByMinScore,1129,GraphQL JavaScript
commentsByMinScore,1090,GraphQL JavaScript
commentsByMinScore,1089,GraphQL JavaScript
commentsByMinScore,1493,GraphQL JavaScript
commentsByMinScore,1463,GraphQL JavaScript
commentsByMinScore,937,GraphQL JavaScript
commentsByMinScore,974,GraphQL JavaScript
commentsByMinScore,1055,GraphQL JavaScript
commentsByMinScore,854,GraphQL JavaScript
